{
  "scenarios": [
    {
      "a_median_ns": 169174906.25,
      "b_median_ns": 121876947.75,
      "pair_count": 4,
      "paired_delta_percent": {
        "max": 35.13520556534524,
        "median": -28.85934372511595,
        "min": -31.313487311133986
      },
      "pairs": [
        {
          "a_median_ns": 92501000.0,
          "b_median_ns": 125001416.5,
          "delta_percent": 35.13520556534524,
          "order": "AB",
          "pair_index": 1
        },
        {
          "a_median_ns": 170205812.5,
          "b_median_ns": 116908437.0,
          "delta_percent": -31.313487311133986,
          "order": "BA",
          "pair_index": 2
        },
        {
          "a_median_ns": 176594562.5,
          "b_median_ns": 126540333.5,
          "delta_percent": -28.344150743599485,
          "order": "AB",
          "pair_index": 3
        },
        {
          "a_median_ns": 168144000.0,
          "b_median_ns": 118752479.0,
          "delta_percent": -29.37453670663241,
          "order": "BA",
          "pair_index": 4
        }
      ],
      "scenario": "rust_xlarge/same_snapshot_fanout"
    }
  ],
  "schema_version": 1
}
