{
  "scenarios": [
    {
      "a_median_ns": 152597281.0,
      "b_median_ns": 103310479.25,
      "pair_count": 4,
      "paired_delta_percent": {
        "max": -3.323901974902648,
        "median": -31.94846603186759,
        "min": -34.67287545491465
      },
      "pairs": [
        {
          "a_median_ns": 91735813.0,
          "b_median_ns": 88686604.5,
          "delta_percent": -3.323901974902648,
          "order": "AB",
          "pair_index": 1
        },
        {
          "a_median_ns": 158511875.0,
          "b_median_ns": 103551250.0,
          "delta_percent": -34.67287545491465,
          "order": "BA",
          "pair_index": 2
        },
        {
          "a_median_ns": 152147479.0,
          "b_median_ns": 103069708.5,
          "delta_percent": -32.25670962316766,
          "order": "AB",
          "pair_index": 3
        },
        {
          "a_median_ns": 153047083.0,
          "b_median_ns": 104622645.5,
          "delta_percent": -31.640222440567523,
          "order": "BA",
          "pair_index": 4
        }
      ],
      "scenario": "rust_xlarge/same_snapshot_fanout"
    }
  ],
  "schema_version": 1
}
