{
  "schema": 1,
  "requests": 5000,
  "threads": 4,
  "source_lines": 200,
  "source_bytes": 7651,
  "apply_frame_bytes": 274,
  "derive_frame_bytes": 191,
  "fused_apply_and_derive_frame_bytes": 285,
  "spawn_us": 994131.667,
  "sync": {
    "direct_us": 3835.5,
    "worker_parent_observed_us": 2586.0840000000003
  },
  "alternating_incremental_edit_and_derive": {
    "direct": {
      "p50_us": 310.375,
      "p95_us": 364.958,
      "p99_us": 396.834,
      "mean_us": 308.8361432
    },
    "worker_parent_observed": {
      "p50_us": 376.084,
      "p95_us": 450.125,
      "p99_us": 501.416,
      "mean_us": 375.7849926
    },
    "direct_requests_per_second": 3237.9629846381267,
    "worker_requests_per_second": 2661.096157888451
  },
  "concurrent_documents": {
    "documents": 4,
    "measurement_order": "direct_then_worker",
    "direct": {
      "p50_us": 350.417,
      "p95_us": 416.333,
      "p99_us": 464.583,
      "mean_us": 358.8503856
    },
    "worker_parent_observed": {
      "p50_us": 385.625,
      "p95_us": 487.083,
      "p99_us": 552.125,
      "mean_us": 402.5613906
    },
    "direct_requests_per_second": 10964.771998947715,
    "worker_requests_per_second": 9880.589772482565
  }
}
