{
  "schema": 1,
  "requests": 5000,
  "threads": 4,
  "source_lines": 200,
  "source_bytes": 7651,
  "apply_frame_bytes": 274,
  "derive_frame_bytes": 191,
  "fused_apply_and_derive_frame_bytes": 285,
  "spawn_us": 349588.458,
  "sync": {
    "direct_us": 2176.917,
    "worker_parent_observed_us": 2601.375
  },
  "alternating_incremental_edit_and_derive": {
    "direct": {
      "p50_us": 304.875,
      "p95_us": 318.542,
      "p99_us": 362.333,
      "mean_us": 289.9553424
    },
    "worker_parent_observed": {
      "p50_us": 352.458,
      "p95_us": 417.666,
      "p99_us": 482.875,
      "mean_us": 344.30780339999995
    },
    "direct_requests_per_second": 3448.806949797384,
    "worker_requests_per_second": 2904.377972631218
  },
  "concurrent_documents": {
    "documents": 4,
    "measurement_order": "worker_then_direct",
    "direct": {
      "p50_us": 346.917,
      "p95_us": 377.959,
      "p99_us": 409.458,
      "mean_us": 348.66323739999996
    },
    "worker_parent_observed": {
      "p50_us": 432.542,
      "p95_us": 498.75,
      "p99_us": 582.833,
      "mean_us": 437.1803948
    },
    "direct_requests_per_second": 11428.673724997274,
    "worker_requests_per_second": 9123.998099471195
  }
}
