{
  "schema": 1,
  "requests": 5000,
  "threads": 4,
  "source_lines": 200,
  "source_bytes": 7651,
  "apply_frame_bytes": 274,
  "derive_frame_bytes": 191,
  "fused_apply_and_derive_frame_bytes": 285,
  "spawn_us": 217511.125,
  "sync": {
    "direct_us": 1183.792,
    "worker_parent_observed_us": 1384.084
  },
  "alternating_incremental_edit_and_derive": {
    "direct": {
      "p50_us": 309.375,
      "p95_us": 357.375,
      "p99_us": 390.875,
      "mean_us": 300.6730992
    },
    "worker_parent_observed": {
      "p50_us": 372.583,
      "p95_us": 441.25,
      "p99_us": 489.042,
      "mean_us": 364.7906572
    },
    "direct_requests_per_second": 3325.8711958625395,
    "worker_requests_per_second": 2741.2982768682596
  },
  "concurrent_documents": {
    "documents": 4,
    "measurement_order": "direct_then_worker",
    "direct": {
      "p50_us": 351.667,
      "p95_us": 388.792,
      "p99_us": 424.166,
      "mean_us": 352.41084820000003
    },
    "worker_parent_observed": {
      "p50_us": 398.209,
      "p95_us": 514.875,
      "p99_us": 623.75,
      "mean_us": 418.4426092
    },
    "direct_requests_per_second": 11298.480721543576,
    "worker_requests_per_second": 9517.37775243778
  }
}
