{
  "schema": 1,
  "requests": 5000,
  "threads": 4,
  "source_lines": 2000,
  "source_bytes": 79851,
  "apply_frame_bytes": 276,
  "derive_frame_bytes": 191,
  "fused_apply_and_derive_frame_bytes": 287,
  "spawn_us": 244572.875,
  "sync": {
    "direct_us": 8648.416000000001,
    "worker_parent_observed_us": 9069.292
  },
  "alternating_incremental_edit_and_derive": {
    "direct": {
      "p50_us": 2687.5,
      "p95_us": 3372.167,
      "p99_us": 4242.125,
      "mean_us": 2917.6310412
    },
    "worker_parent_observed": {
      "p50_us": 2749.834,
      "p95_us": 3633.25,
      "p99_us": 4520.916,
      "mean_us": 3003.309162
    },
    "direct_requests_per_second": 342.7438171170223,
    "worker_requests_per_second": 332.9660537958296
  },
  "concurrent_documents": {
    "documents": 4,
    "measurement_order": "direct_then_worker",
    "direct": {
      "p50_us": 3842.667,
      "p95_us": 4537.417,
      "p99_us": 5085.459,
      "mean_us": 3907.1822521999998
    },
    "worker_parent_observed": {
      "p50_us": 3968.208,
      "p95_us": 5030.042,
      "p99_us": 10045.875,
      "mean_us": 4195.8995668
    },
    "direct_requests_per_second": 1016.4734945630968,
    "worker_requests_per_second": 943.5595912962194
  }
}
