{
  "schema": 1,
  "requests": 1000,
  "threads": 4,
  "source_lines": 200,
  "source_bytes": 7651,
  "apply_frame_bytes": 274,
  "derive_frame_bytes": 191,
  "fused_apply_and_derive_frame_bytes": 285,
  "spawn_us": 1169070.417,
  "sync": {
    "direct_us": 5108.334,
    "worker_parent_observed_us": 2798.709
  },
  "alternating_incremental_edit_and_derive": {
    "direct": {
      "p50_us": 260.708,
      "p95_us": 269.333,
      "p99_us": 278.833,
      "mean_us": 261.401292
    },
    "worker_parent_observed": {
      "p50_us": 303.334,
      "p95_us": 316.667,
      "p99_us": 331.334,
      "mean_us": 304.680008
    },
    "direct_requests_per_second": 3825.535797275248,
    "worker_requests_per_second": 3282.131986815492
  },
  "concurrent_documents": {
    "documents": 4,
    "measurement_order": "direct_then_worker",
    "direct": {
      "p50_us": 326.667,
      "p95_us": 421.334,
      "p99_us": 456.209,
      "mean_us": 332.558997
    },
    "worker_parent_observed": {
      "p50_us": 456.583,
      "p95_us": 515.917,
      "p99_us": 540.208,
      "mean_us": 456.202861
    },
    "direct_requests_per_second": 11503.789779745564,
    "worker_requests_per_second": 8671.936313299715
  }
}
