{
  "schema": 1,
  "requests": 1000,
  "threads": 4,
  "source_lines": 200,
  "request_frame_bytes": 8069,
  "cold_start_us": 1141117.792,
  "sequential": {
    "direct": {
      "p50_us": 1274.458,
      "p95_us": 1304.042,
      "p99_us": 1328.041,
      "mean_us": 1274.578951
    },
    "worker_parent_observed": {
      "p50_us": 1175.417,
      "p95_us": 1396.167,
      "p99_us": 1419.583,
      "mean_us": 1254.386044
    },
    "worker_compute": {
      "p50_us": 1035.709,
      "p95_us": 1230.084,
      "p99_us": 1255.584,
      "mean_us": 1112.2578259999998
    },
    "worker_queue": {
      "p50_us": 5.208,
      "p95_us": 8.625,
      "p99_us": 13.584,
      "mean_us": 5.902079
    }
  },
  "parallel": {
    "direct_request_latency": {
      "p50_us": 1759.75,
      "p95_us": 2483.416,
      "p99_us": 2836.25,
      "mean_us": 1781.824118
    },
    "worker_request_latency": {
      "p50_us": 1586.792,
      "p95_us": 1684.958,
      "p99_us": 1783.166,
      "mean_us": 1571.1603
    },
    "direct_wall_ms": 468.649792,
    "worker_wall_ms": 395.665083,
    "direct_parser_cache_hits": 996,
    "worker_parser_cache_hits": 997,
    "direct_requests_per_second": 2133.7894885910887,
    "worker_requests_per_second": 2527.390065400338
  }
}
