{
  "schema": 1,
  "requests": 5000,
  "threads": 4,
  "source_lines": 2000,
  "source_bytes": 79851,
  "apply_frame_bytes": 276,
  "derive_frame_bytes": 191,
  "fused_apply_and_derive_frame_bytes": 287,
  "spawn_us": 345922.25,
  "sync": {
    "direct_us": 12013.042,
    "worker_parent_observed_us": 13216.5
  },
  "alternating_incremental_edit_and_derive": {
    "direct": {
      "p50_us": 2927.875,
      "p95_us": 3262.0,
      "p99_us": 3880.25,
      "mean_us": 2935.8551174
    },
    "worker_parent_observed": {
      "p50_us": 2968.333,
      "p95_us": 3369.875,
      "p99_us": 4215.0,
      "mean_us": 3025.6247954
    },
    "direct_requests_per_second": 340.61626340934777,
    "worker_requests_per_second": 330.5102475099844
  },
  "concurrent_documents": {
    "documents": 4,
    "measurement_order": "worker_then_direct",
    "direct": {
      "p50_us": 3998.0,
      "p95_us": 4737.416,
      "p99_us": 5867.583,
      "mean_us": 4077.7393192
    },
    "worker_parent_observed": {
      "p50_us": 3987.208,
      "p95_us": 5143.459,
      "p99_us": 7213.084,
      "mean_us": 4150.0583666
    },
    "direct_requests_per_second": 967.2211727466265,
    "worker_requests_per_second": 955.8427873752092
  }
}
