{
  "schema": 1,
  "requests": 1000,
  "threads": 4,
  "source_lines": 200,
  "request_frame_bytes": 8069,
  "cold_start_us": 1089344.708,
  "sequential": {
    "direct": {
      "p50_us": 957.25,
      "p95_us": 1084.542,
      "p99_us": 1092.458,
      "mean_us": 999.708486
    },
    "worker_parent_observed": {
      "p50_us": 1147.458,
      "p95_us": 1170.333,
      "p99_us": 1189.5,
      "mean_us": 1105.101109
    },
    "worker_compute": {
      "p50_us": 1011.292,
      "p95_us": 1029.25,
      "p99_us": 1040.084,
      "mean_us": 973.3149549999999
    },
    "worker_queue": {
      "p50_us": 4.708,
      "p95_us": 7.292,
      "p99_us": 9.333,
      "mean_us": 4.9741040000000005
    }
  },
  "parallel": {
    "direct_request_latency": {
      "p50_us": 1591.042,
      "p95_us": 2294.667,
      "p99_us": 2495.833,
      "mean_us": 1634.142335
    },
    "worker_request_latency": {
      "p50_us": 1632.833,
      "p95_us": 2036.167,
      "p99_us": 2191.375,
      "mean_us": 1676.624515
    },
    "direct_wall_ms": 409.796667,
    "worker_wall_ms": 419.98037500000004,
    "direct_parser_cache_hits": 996,
    "worker_parser_cache_hits": 997,
    "direct_requests_per_second": 2440.234585900134,
    "worker_requests_per_second": 2381.063638985512
  }
}
