{
  "schema": 1,
  "requests": 5000,
  "threads": 4,
  "source_lines": 2000,
  "source_bytes": 79851,
  "apply_frame_bytes": 276,
  "derive_frame_bytes": 191,
  "fused_apply_and_derive_frame_bytes": 287,
  "spawn_us": 350090.875,
  "sync": {
    "direct_us": 12547.625,
    "worker_parent_observed_us": 12837.583
  },
  "alternating_incremental_edit_and_derive": {
    "direct": {
      "p50_us": 2669.0,
      "p95_us": 3231.708,
      "p99_us": 3580.75,
      "mean_us": 2807.4038406000004
    },
    "worker_parent_observed": {
      "p50_us": 2738.792,
      "p95_us": 3320.917,
      "p99_us": 3833.917,
      "mean_us": 2881.2555498
    },
    "direct_requests_per_second": 356.200980257361,
    "worker_requests_per_second": 347.0709149937826
  },
  "concurrent_documents": {
    "documents": 4,
    "measurement_order": "worker_then_direct",
    "direct": {
      "p50_us": 3994.5,
      "p95_us": 4785.833,
      "p99_us": 6206.25,
      "mean_us": 4093.6339184
    },
    "worker_parent_observed": {
      "p50_us": 3976.417,
      "p95_us": 4747.167,
      "p99_us": 6533.459,
      "mean_us": 4086.8832922
    },
    "direct_requests_per_second": 971.2310046054953,
    "worker_requests_per_second": 965.6825006102838
  }
}
