{
  "schema": 1,
  "requests": 5000,
  "threads": 4,
  "source_lines": 2000,
  "source_bytes": 79851,
  "apply_frame_bytes": 276,
  "derive_frame_bytes": 191,
  "fused_apply_and_derive_frame_bytes": 287,
  "spawn_us": 345994.666,
  "sync": {
    "direct_us": 12081.583,
    "worker_parent_observed_us": 12985.25
  },
  "alternating_incremental_edit_and_derive": {
    "direct": {
      "p50_us": 2676.417,
      "p95_us": 3252.291,
      "p99_us": 3613.708,
      "mean_us": 2799.3548346000002
    },
    "worker_parent_observed": {
      "p50_us": 2734.333,
      "p95_us": 3329.417,
      "p99_us": 3806.833,
      "mean_us": 2859.3204394
    },
    "direct_requests_per_second": 357.22516761362624,
    "worker_requests_per_second": 349.7334493261063
  },
  "concurrent_documents": {
    "documents": 4,
    "measurement_order": "worker_then_direct",
    "direct": {
      "p50_us": 3927.708,
      "p95_us": 4593.917,
      "p99_us": 4884.625,
      "mean_us": 3962.737241
    },
    "worker_parent_observed": {
      "p50_us": 3860.333,
      "p95_us": 4443.875,
      "p99_us": 5238.583,
      "mean_us": 3904.0072162
    },
    "direct_requests_per_second": 995.7054146123102,
    "worker_requests_per_second": 1019.4351488241517
  }
}
